precision,accuracy,recall,duration
0.8987263423305848,0.8848484848484849,0.88193281076572,0.1919
