precision,accuracy,recall,duration
0.9401102234806351,0.9401515151515152,0.9400667342281787,0.1919
