precision,accuracy,recall,duration
0.17670115229267314,0.20305343511450383,0.20568058776902803,0.1919
