precision,accuracy,recall,duration
0.9532934782441316,0.9567430025445293,0.9539413908456756,0.1919
