acc,ent
88.83248730964468,0.33418538570404055
