acc,ent
88.83248730964468,0.33423805236816406
