precision,accuracy,recall,duration
0.8827756076075968,0.8769230769230769,0.8774224635532019,0.1919
