precision,accuracy,recall,duration
0.17912110129738792,0.18717948717948718,0.19324911544398338,0.1919
