precision,accuracy,recall,duration
0.8033838798712939,0.7974358974358975,0.8040111309237021,0.1919
