acc,ent
74.27597955706985,0.40257763862609863
