acc,ent
73.93526405451448,0.20591726303100585
