precision,accuracy,recall,duration
0.17336750488638364,0.18974358974358974,0.1869540407621936,0.1919
