precision,accuracy,recall,duration
0.8134050563918076,0.7923076923076923,0.7950013157481219,0.1919
