precision,accuracy,recall,duration
0.2613594649007024,0.25384615384615383,0.2564797306094826,0.1919
