acc,ent
70.6618962432916,0.43471084700690377
