acc,ent
70.84078711985688,0.08431307474772136
