acc,ent
72.3823975720789,0.4283901127901944
