acc,ent
71.32018209408194,0.10520568760958585
