acc,ent
57.05967976710335,0.36289163069291547
