acc,ent
75.9825327510917,0.4700552766973322
