acc,ent
79.76710334788937,0.08885522864081642
