acc,ent
78.74818049490538,0.13794298605485397
