acc,ent
86.04269293924466,0.4091917037963867
