precision,accuracy,recall,duration
0.16872915676117317,0.15470737913486005,0.162171184303853,0.1919
