precision,accuracy,recall,duration
0.9514286500213758,0.9531806615776082,0.9514384128173234,0.1919
