acc,ent
67.53472222222223,0.3407962852054172
