acc,ent
81.42361111111111,0.427147282494439
