acc,ent
69.96527777777777,0.2771982087029351
