acc,ent
72.74305555555556,0.5020855267842611
