acc,ent
69.79166666666667,0.30593662791781956
