acc,ent
71.35416666666667,0.15571471055348715
