acc,ent
71.00694444444444,0.10429446564780341
