acc,ent
80.72916666666667,0.17195490996042886
