acc,ent
68.55123674911661,0.34364933437771267
