acc,ent
73.85159010600707,0.07227235370212132
