precision,accuracy,recall,duration
0.7881093430821765,0.782051282051282,0.7755592709755262,0.1919
