precision,accuracy,recall,duration
0.19630376141292163,0.19230769230769232,0.19397040741721536,0.1919
