precision,accuracy,recall,duration
0.8912060975289046,0.8897435897435897,0.8857253531992643,0.1919
