acc,ent
64.78527607361963,0.4974780816298265
