acc,ent
74.96932515337423,0.035621858560121976
