precision,accuracy,recall,duration
0.8251775848460932,0.8209876543209876,0.8215433299392106,0.1919
