precision,accuracy,recall,duration
0.8028478750893397,0.8024691358024691,0.8022791432177503,0.1919
