acc,ent
87.90697674418605,0.3402897444638339
