acc,ent
87.05357142857143,0.379858060316606
