acc,ent
61.42270861833105,0.4499200979868571
