acc,ent
63.20109439124487,0.08748835325241089
