acc,ent
43.35260115606936,0.4025387763977051
