acc,ent
45.08670520231214,0.0899964968363444
