acc,ent
74.07407407407408,0.29920157519253815
