acc,ent
73.33333333333333,0.07519665631380948
